title,link,score,sentiment
How to learn Python as a beginner with zero experience - Quora,https://www.quora.com/How-do-I-learn-Python-as-a-beginner-with-zero-experience,0,Neutral
How to know about Python - Quora,https://www.quora.com/How-do-I-know-about-Python,0,Neutral
How to get started with Python programming if I have no prior experience - Quora,https://www.quora.com/How-can-I-get-started-with-Python-programming-if-I-have-no-prior-experience,-296,Negative
Why is Python considered an easy programming language? Is it normal to struggle with it or am I just not good at coding? - Quora,https://www.quora.com/Why-is-Python-considered-an-easy-programming-language-Is-it-normal-to-struggle-with-it-or-am-I-just-not-good-at-coding,-288,Negative
Do you know about Python Programming Language? - Quora,https://www.quora.com/Do-you-know-about-Python-Programming-Language,0,Neutral
I just started learning Python programming. What are some things I need to know (99%) as a beginner before transcending to an intermediate level? - Quora,https://www.quora.com/I-just-started-learning-Python-programming-What-are-some-things-I-need-to-know-99-as-a-beginner-before-transcending-to-an-intermediate-level,0,Neutral
I just learned Python. How do I implement my knowledge of Python so that I can gain experience from it? - Quora,https://www.quora.com/I-just-learned-Python-How-do-I-implement-my-knowledge-of-Python-so-that-I-can-gain-experience-from-it,566,Positive
Is it okay to learn only Python? - Quora,https://www.quora.com/Is-it-okay-to-learn-only-Python,226,Positive
How to learn Python in two days - Quora,https://www.quora.com/How-do-I-learn-Python-in-two-days,0,Neutral
I would like to learn how to use Python. Can you recommend one app? - Quora,https://www.quora.com/I-would-like-to-learn-how-to-use-Python-Can-you-recommend-one-app,612,Positive
